1,2018-09-08 02:07:44.197025,72.0
2,2018-09-08 02:07:45.219925,71.0
3,2018-09-08 02:07:47.264800,72.0
4,2018-09-08 02:07:49.308442,70.0
5,2018-09-08 02:07:50.332352,72.0
6,2018-09-08 02:07:51.356588,69.0
7,2018-09-08 02:07:53.400190,71.0
8,2018-09-08 02:07:54.424086,74.0
9,2018-09-08 02:07:55.448253,70.0
10,2018-09-08 02:07:57.491938,70.0
11,2018-09-08 02:07:58.515927,71.0
12,2018-09-08 02:07:59.540008,72.0
13,2018-09-08 02:08:01.583625,71.0
14,2018-09-08 02:08:02.607759,73.0
15,2018-09-08 02:08:04.651277,70.0
16,2018-09-08 02:08:05.675338,70.0
17,2018-09-08 02:08:06.699510,70.0
18,2018-09-08 02:08:08.743184,70.0
19,2018-09-08 02:08:09.767101,71.0
20,2018-09-08 02:08:10.791249,69.0
21,2018-09-08 02:08:12.835059,70.0
22,2018-09-08 02:08:13.858838,71.0
23,2018-09-08 02:08:14.883004,71.0
24,2018-09-08 02:08:16.926689,74.0
25,2018-09-08 02:08:17.950757,74.0
26,2018-09-08 02:08:18.974925,71.0
27,2018-09-08 02:08:21.018373,72.0
28,2018-09-08 02:08:22.042507,71.0
29,2018-09-08 02:08:23.066685,72.0
30,2018-09-08 02:08:25.110152,72.0
31,2018-09-08 02:08:26.134269,70.0
32,2018-09-08 02:08:27.158420,69.0
33,2018-09-08 02:08:29.201893,74.0
34,2018-09-08 02:08:30.225998,72.0
35,2018-09-08 02:08:31.246576,71.0
36,2018-09-08 02:08:33.293525,73.0
37,2018-09-08 02:08:34.317691,75.0
38,2018-09-08 02:08:35.338242,75.0
39,2018-09-08 02:08:37.385305,73.0
40,2018-09-08 02:08:38.409429,73.0
41,2018-09-08 02:08:39.429973,73.0
42,2018-09-08 02:08:41.477029,73.0
43,2018-09-08 02:08:42.501174,70.0
44,2018-09-08 02:08:43.521712,70.0
45,2018-09-08 02:08:45.568725,72.0
46,2018-09-08 02:08:46.589219,69.0
47,2018-09-08 02:08:47.613349,72.0
48,2018-09-08 02:08:49.660450,71.0
49,2018-09-08 02:08:50.681141,70.0
50,2018-09-08 02:08:51.705087,71.0
51,2018-09-08 02:08:53.752224,69.0
52,2018-09-08 02:08:54.772725,71.0
53,2018-09-08 02:08:55.796837,71.0
54,2018-09-08 02:08:57.843972,71.0
55,2018-09-08 02:08:58.864583,65.0
56,2018-09-08 02:08:59.888766,72.0
57,2018-09-08 02:09:01.932427,70.0
58,2018-09-08 02:09:02.956413,70.0
59,2018-09-08 02:09:03.980510,70.0
60,2018-09-08 02:09:06.024021,73.0
61,2018-09-08 02:09:07.048098,74.0
62,2018-09-08 02:09:08.072251,70.0
63,2018-09-08 02:09:10.116003,72.0
64,2018-09-08 02:09:11.139852,72.0
65,2018-09-08 02:09:12.163992,70.0
66,2018-09-08 02:09:14.207646,73.0
67,2018-09-08 02:09:15.231745,74.0
68,2018-09-08 02:09:16.256023,70.0
69,2018-09-08 02:09:18.299371,72.0
70,2018-09-08 02:09:19.323508,70.0
71,2018-09-08 02:09:20.347680,69.0
72,2018-09-08 02:09:22.391147,71.0
73,2018-09-08 02:09:23.415258,70.0
74,2018-09-08 02:09:24.439425,71.0
75,2018-09-08 02:09:26.482893,71.0
76,2018-09-08 02:09:27.507005,70.0
77,2018-09-08 02:09:28.527621,71.0
78,2018-09-08 02:09:30.574551,72.0
79,2018-09-08 02:09:31.598675,70.0
80,2018-09-08 02:09:32.619233,71.0
81,2018-09-08 02:09:34.666317,73.0
82,2018-09-08 02:09:36.711201,73.0
83,2018-09-08 02:09:37.735079,72.0
84,2018-09-08 02:09:39.782214,72.0
85,2018-09-08 02:09:40.802708,72.0
86,2018-09-08 02:09:41.826760,71.0
87,2018-09-08 02:09:43.870282,74.0
88,2018-09-08 02:09:44.894342,73.0
89,2018-09-08 02:09:45.918513,72.0
90,2018-09-08 02:09:47.962196,75.0
91,2018-09-08 02:09:48.986177,75.0
92,2018-09-08 02:09:50.010261,74.0
93,2018-09-08 02:09:52.053930,74.0
94,2018-09-08 02:09:53.077852,74.0
95,2018-09-08 02:09:54.101995,71.0
96,2018-09-08 02:09:56.146306,74.0
97,2018-09-08 02:09:57.169124,71.0
98,2018-09-08 02:09:59.214040,72.0
99,2018-09-08 02:10:00.237978,71.0
100,2018-09-08 02:10:01.260870,71.0
101,2018-09-08 02:10:03.305638,73.0
102,2018-09-08 02:10:04.329755,3.0
103,2018-09-08 02:10:05.352632,73.0
104,2018-09-08 02:10:07.397559,71.0
105,2018-09-08 02:10:08.421474,74.0
106,2018-09-08 02:10:09.444367,70.0
107,2018-09-08 02:10:11.489272,72.0
108,2018-09-08 02:10:12.515070,70.0
109,2018-09-08 02:10:13.536379,72.0
110,2018-09-08 02:10:15.581018,73.0
111,2018-09-08 02:10:16.603864,71.0
112,2018-09-08 02:10:17.628059,71.0
113,2018-09-08 02:10:19.672743,72.0
114,2018-09-08 02:10:20.696883,73.0
115,2018-09-08 02:10:21.719802,74.0
116,2018-09-08 02:10:23.764521,74.0
117,2018-09-08 02:10:24.788555,71.0
118,2018-09-08 02:10:26.832024,74.0
119,2018-09-08 02:10:27.856212,71.0
120,2018-09-08 02:10:28.880296,74.0
121,2018-09-08 02:10:30.923764,72.0
122,2018-09-08 02:10:31.947882,70.0
123,2018-09-08 02:10:32.972045,72.0
124,2018-09-08 02:10:35.015497,72.0
125,2018-09-08 02:10:36.039686,72.0
126,2018-09-08 02:10:37.064461,72.0
127,2018-09-08 02:10:39.107861,72.0
128,2018-09-08 02:10:40.131985,71.0
129,2018-09-08 02:10:41.152547,72.0
130,2018-09-08 02:10:43.199623,71.0
131,2018-09-08 02:10:44.223747,73.0
132,2018-09-08 02:10:45.244277,74.0
133,2018-09-08 02:10:47.291389,71.0
134,2018-09-08 02:10:48.315455,72.0
135,2018-09-08 02:10:49.336150,72.0
136,2018-09-08 02:10:51.383105,72.0
137,2018-09-08 02:10:52.407340,72.0
138,2018-09-08 02:10:53.427971,2.0
139,2018-09-08 02:10:55.475038,72.0
140,2018-09-08 02:10:56.495561,72.0
141,2018-09-08 02:10:57.519663,72.0
142,2018-09-08 02:10:59.566300,74.0
143,2018-09-08 02:11:00.586883,73.0
144,2018-09-08 02:11:01.610821,73.0
145,2018-09-08 02:11:03.657961,73.0
146,2018-09-08 02:11:04.678488,74.0
147,2018-09-08 02:11:05.702589,73.0
148,2018-09-08 02:11:07.749670,75.0
149,2018-09-08 02:11:08.770345,4.0
150,2018-09-08 02:11:09.793197,71.0
151,2018-09-08 02:11:11.838014,75.0
152,2018-09-08 02:11:12.861939,73.0
153,2018-09-08 02:11:13.885436,75.0
154,2018-09-08 02:11:15.930381,75.0
155,2018-09-08 02:11:16.954304,75.0
156,2018-09-08 02:11:17.978448,75.0
157,2018-09-08 02:11:20.021949,75.0
158,2018-09-08 02:11:21.046153,73.0
159,2018-09-08 02:11:22.069978,75.0
160,2018-09-08 02:11:24.113310,75.0
161,2018-09-08 02:11:25.137387,72.0
162,2018-09-08 02:11:26.160302,73.0
163,2018-09-08 02:11:28.205018,75.0
164,2018-09-08 02:11:29.229137,74.0
165,2018-09-08 02:11:30.252030,73.0
166,2018-09-08 02:11:32.296778,73.0
167,2018-09-08 02:11:33.320867,73.0
168,2018-09-08 02:11:34.343801,76.0
169,2018-09-08 02:11:36.388492,76.0
170,2018-09-08 02:11:37.412634,76.0
171,2018-09-08 02:11:38.431854,76.0
172,2018-09-08 02:11:40.480171,75.0
173,2018-09-08 02:11:41.504298,76.0
174,2018-09-08 02:11:42.523590,75.0
175,2018-09-08 02:11:44.571929,74.0
176,2018-09-08 02:11:45.596099,74.0
177,2018-09-08 02:11:46.616682,74.0
178,2018-09-08 02:11:48.663674,74.0
179,2018-09-08 02:11:49.687793,74.0
180,2018-09-08 02:11:51.731269,74.0
181,2018-09-08 02:11:53.776120,74.0
182,2018-09-08 02:11:54.799976,72.0
183,2018-09-08 02:11:55.822884,72.0
184,2018-09-08 02:11:57.867811,73.0
185,2018-09-08 02:11:58.891717,74.0
186,2018-09-08 02:11:59.914628,74.0
187,2018-09-08 02:12:01.959560,73.0
188,2018-09-08 02:12:02.983469,73.0
189,2018-09-08 02:12:04.006463,75.0
190,2018-09-08 02:12:06.051309,76.0
191,2018-09-08 02:12:07.075118,73.0
192,2018-09-08 02:12:08.098055,76.0
193,2018-09-08 02:12:10.142786,75.0
194,2018-09-08 02:12:11.166886,74.0
195,2018-09-08 02:12:12.189801,74.0
196,2018-09-08 02:12:14.234524,74.0
197,2018-09-08 02:12:15.258628,72.0
198,2018-09-08 02:12:16.282803,74.0
199,2018-09-08 02:12:18.326302,73.0
200,2018-09-08 02:12:19.350395,75.0
201,2018-09-08 02:12:20.374551,75.0
202,2018-09-08 02:12:22.418174,75.0
203,2018-09-08 02:12:23.442302,75.0
204,2018-09-08 02:12:24.461584,75.0
205,2018-09-08 02:12:26.509925,73.0
206,2018-09-08 02:12:27.534028,74.0
207,2018-09-08 02:12:28.553360,74.0
208,2018-09-08 02:12:30.601673,75.0
209,2018-09-08 02:12:31.625885,76.0
210,2018-09-08 02:12:32.645107,74.0
211,2018-09-08 02:12:34.693400,74.0
212,2018-09-08 02:12:35.717561,73.0
213,2018-09-08 02:12:36.737005,5.0
214,2018-09-08 02:12:38.785345,75.0
215,2018-09-08 02:12:39.804604,76.0
216,2018-09-08 02:12:40.828720,75.0
217,2018-09-08 02:12:42.877105,75.0
218,2018-09-08 02:12:43.897595,76.0
219,2018-09-08 02:12:44.920479,76.0
220,2018-09-08 02:12:46.968821,76.0
221,2018-09-08 02:12:47.989360,75.0
222,2018-09-08 02:12:49.012212,74.0
223,2018-09-08 02:12:51.057052,76.0
224,2018-09-08 02:12:52.080978,75.0
225,2018-09-08 02:12:53.103874,75.0
226,2018-09-08 02:12:55.148827,74.0
227,2018-09-08 02:12:56.172718,71.0
228,2018-09-08 02:12:57.195621,72.0
229,2018-09-08 02:12:59.240565,71.0
230,2018-09-08 02:13:00.264466,71.0
231,2018-09-08 02:13:02.311598,71.0
232,2018-09-08 02:13:03.332098,71.0
233,2018-09-08 02:13:04.356337,70.0
234,2018-09-08 02:13:06.399654,69.0
235,2018-09-08 02:13:07.423720,70.0
236,2018-09-08 02:13:08.447885,67.0
237,2018-09-08 02:13:10.491552,68.0
238,2018-09-08 02:13:11.515458,68.0
239,2018-09-08 02:13:12.539636,66.0
240,2018-09-08 02:13:14.583308,69.0
241,2018-09-08 02:13:15.607221,68.0
242,2018-09-08 02:13:17.655645,67.0
243,2018-09-08 02:13:19.699322,70.0
244,2018-09-08 02:13:20.723459,68.0
245,2018-09-08 02:13:21.742701,69.0
246,2018-09-08 02:13:23.791022,71.0
247,2018-09-08 02:13:24.815119,71.0
248,2018-09-08 02:13:25.834436,72.0
249,2018-09-08 02:13:27.882784,72.0
250,2018-09-08 02:13:28.906875,72.0
251,2018-09-08 02:13:29.926261,72.0
252,2018-09-08 02:13:31.974512,71.0
253,2018-09-08 02:13:32.998663,72.0
254,2018-09-08 02:13:34.018086,0.0
255,2018-09-08 02:13:36.066480,70.0
256,2018-09-08 02:13:37.085707,69.0
257,2018-09-08 02:13:38.109824,69.0
258,2018-09-08 02:13:40.158176,68.0
259,2018-09-08 02:13:41.178697,68.0
260,2018-09-08 02:13:42.201559,67.0
261,2018-09-08 02:13:44.249941,69.0
262,2018-09-08 02:13:45.270463,70.0
263,2018-09-08 02:13:46.293302,66.0
264,2018-09-08 02:13:48.337983,70.0
265,2018-09-08 02:13:49.362057,67.0
266,2018-09-08 02:13:50.384962,70.0
267,2018-09-08 02:13:52.429906,68.0
268,2018-09-08 02:13:53.453815,67.0
269,2018-09-08 02:13:54.476788,68.0
270,2018-09-08 02:13:56.521648,69.0
271,2018-09-08 02:13:57.545587,8.0
272,2018-09-08 02:13:58.568499,67.0
273,2018-09-08 02:14:00.613329,69.0
274,2018-09-08 02:14:01.636273,69.0
275,2018-09-08 02:14:02.660392,71.0
276,2018-09-08 02:14:04.705074,71.0
277,2018-09-08 02:14:05.729203,72.0
278,2018-09-08 02:14:06.752114,71.0
279,2018-09-08 02:14:08.796901,71.0
280,2018-09-08 02:14:09.820964,72.0
281,2018-09-08 02:14:10.843870,71.0
282,2018-09-08 02:14:12.888626,70.0
283,2018-09-08 02:14:13.912719,70.0
284,2018-09-08 02:14:14.931944,71.0
285,2018-09-08 02:14:16.980245,73.0
286,2018-09-08 02:14:18.004389,74.0
287,2018-09-08 02:14:19.023687,72.0
288,2018-09-08 02:14:21.072019,71.0
289,2018-09-08 02:14:22.096131,72.0
290,2018-09-08 02:14:23.115325,71.0
291,2018-09-08 02:14:25.163673,73.0
292,2018-09-08 02:14:26.187801,73.0
293,2018-09-08 02:14:27.207082,73.0
294,2018-09-08 02:14:29.255332,73.0
295,2018-09-08 02:14:30.275946,73.0
296,2018-09-08 02:14:31.298725,71.0
297,2018-09-08 02:14:32.322881,72.0
298,2018-09-08 02:14:33.347033,73.0
299,2018-09-08 02:14:35.390515,73.0
300,2018-09-08 02:14:36.414626,73.0
301,2018-09-08 02:14:37.438814,74.0
302,2018-09-08 02:14:39.483482,75.0
303,2018-09-08 02:14:40.506461,75.0
304,2018-09-08 02:14:41.530568,74.0
305,2018-09-08 02:14:43.574169,74.0
306,2018-09-08 02:14:44.598311,71.0
307,2018-09-08 02:14:45.618841,74.0
308,2018-09-08 02:14:47.665995,74.0
309,2018-09-08 02:14:48.690052,73.0
310,2018-09-08 02:14:49.710584,73.0
311,2018-09-08 02:14:51.757683,73.0
312,2018-09-08 02:14:52.781797,72.0
313,2018-09-08 02:14:53.802332,71.0
314,2018-09-08 02:14:55.849313,74.0
315,2018-09-08 02:14:56.869846,71.0
316,2018-09-08 02:14:57.893966,71.0
317,2018-09-08 02:14:59.941102,70.0
318,2018-09-08 02:15:00.961602,70.0
319,2018-09-08 02:15:01.985710,68.0
320,2018-09-08 02:15:04.034098,69.0
321,2018-09-08 02:15:05.053326,71.0
322,2018-09-08 02:15:06.077475,70.0
323,2018-09-08 02:15:08.125906,69.0
324,2018-09-08 02:15:09.145257,2.0
325,2018-09-08 02:15:10.169395,68.0
326,2018-09-08 02:15:12.212895,71.0
327,2018-09-08 02:15:13.236969,70.0
328,2018-09-08 02:15:14.261123,68.0
329,2018-09-08 02:15:16.304799,71.0
330,2018-09-08 02:15:17.328725,71.0
331,2018-09-08 02:15:18.352871,71.0
332,2018-09-08 02:15:20.396600,73.0
333,2018-09-08 02:15:21.420460,72.0
334,2018-09-08 02:15:22.444542,70.0
335,2018-09-08 02:15:24.488002,69.0
336,2018-09-08 02:15:25.512126,69.0
337,2018-09-08 02:15:26.536384,71.0
338,2018-09-08 02:15:28.579777,70.0
339,2018-09-08 02:15:29.603881,67.0
340,2018-09-08 02:15:30.628044,71.0
341,2018-09-08 02:15:32.671513,68.0
342,2018-09-08 02:15:33.698858,67.0
343,2018-09-08 02:15:34.719878,70.0
344,2018-09-08 02:15:36.763465,71.0
345,2018-09-08 02:15:37.787520,70.0
346,2018-09-08 02:15:38.808076,70.0
347,2018-09-08 02:15:40.854999,71.0
348,2018-09-08 02:15:41.879162,69.0
349,2018-09-08 02:15:42.899699,71.0
350,2018-09-08 02:15:44.946787,69.0
351,2018-09-08 02:15:45.970903,70.0
352,2018-09-08 02:15:46.991430,70.0
353,2018-09-08 02:15:49.039705,70.0
354,2018-09-08 02:15:50.058939,68.0
355,2018-09-08 02:15:51.083092,9.0
356,2018-09-08 02:15:53.131432,69.0
357,2018-09-08 02:15:54.150699,70.0
358,2018-09-08 02:15:55.174815,66.0
359,2018-09-08 02:15:57.223209,67.0
360,2018-09-08 02:15:58.242441,69.0
361,2018-09-08 02:16:00.290792,67.0
362,2018-09-08 02:16:01.311187,68.0
363,2018-09-08 02:16:02.334048,65.0
364,2018-09-08 02:16:04.382448,68.0
365,2018-09-08 02:16:05.402943,66.0
366,2018-09-08 02:16:06.425920,65.0
367,2018-09-08 02:16:08.474195,68.0
368,2018-09-08 02:16:09.494679,66.0
369,2018-09-08 02:16:10.517570,65.0
370,2018-09-08 02:16:12.565975,65.0
371,2018-09-08 02:16:13.585342,6.0
372,2018-09-08 02:16:14.609486,66.0
373,2018-09-08 02:16:16.654375,67.0
374,2018-09-08 02:16:17.678319,67.0
375,2018-09-08 02:16:18.701219,69.0
376,2018-09-08 02:16:20.746160,69.0
377,2018-09-08 02:16:21.770061,68.0
378,2018-09-08 02:16:22.792966,66.0
379,2018-09-08 02:16:24.837902,67.0
380,2018-09-08 02:16:25.861805,68.0
381,2018-09-08 02:16:26.884643,68.0
382,2018-09-08 02:16:28.929348,68.0
383,2018-09-08 02:16:29.953482,68.0
384,2018-09-08 02:16:30.976452,68.0
385,2018-09-08 02:16:33.021113,67.0
386,2018-09-08 02:16:34.045227,67.0
387,2018-09-08 02:16:35.068152,68.0
388,2018-09-08 02:16:37.112863,69.0
389,2018-09-08 02:16:38.136973,69.0
390,2018-09-08 02:16:39.159905,69.0
391,2018-09-08 02:16:41.204756,67.0
392,2018-09-08 02:16:42.228912,68.0
393,2018-09-08 02:16:43.248192,67.0
394,2018-09-08 02:16:45.296580,68.0
395,2018-09-08 02:16:46.320655,67.0
396,2018-09-08 02:16:47.339934,69.0
397,2018-09-08 02:16:49.388286,67.0
398,2018-09-08 02:16:50.412402,68.0
399,2018-09-08 02:16:51.431675,66.0
400,2018-09-08 02:16:53.479952,67.0
401,2018-09-08 02:16:54.500432,69.0
402,2018-09-08 02:16:55.523308,66.0
403,2018-09-08 02:16:57.571674,70.0
404,2018-09-08 02:16:58.592190,67.0
405,2018-09-08 02:16:59.615058,67.0
406,2018-09-08 02:17:01.663429,69.0
407,2018-09-08 02:17:02.683936,69.0
408,2018-09-08 02:17:04.731027,69.0
409,2018-09-08 02:17:05.751451,69.0
410,2018-09-08 02:17:06.775551,67.0
411,2018-09-08 02:17:08.822729,69.0
412,2018-09-08 02:17:09.843191,69.0
413,2018-09-08 02:17:10.867302,67.0
414,2018-09-08 02:17:12.914448,68.0
415,2018-09-08 02:17:13.934927,69.0
416,2018-09-08 02:17:14.959069,68.0
417,2018-09-08 02:17:17.006215,71.0
418,2018-09-08 02:17:18.026819,69.0
419,2018-09-08 02:17:19.050730,69.0
420,2018-09-08 02:17:21.094401,71.0
421,2018-09-08 02:17:22.118321,70.0
422,2018-09-08 02:17:23.142479,67.0
423,2018-09-08 02:17:25.186213,70.0
424,2018-09-08 02:17:26.210057,68.0
425,2018-09-08 02:17:27.234226,69.0
426,2018-09-08 02:17:29.277904,71.0
427,2018-09-08 02:17:30.301806,70.0
428,2018-09-08 02:17:31.326080,69.0
429,2018-09-08 02:17:33.369343,69.0
430,2018-09-08 02:17:34.393481,68.0
431,2018-09-08 02:17:36.438250,70.0
432,2018-09-08 02:17:37.461061,67.0
433,2018-09-08 02:17:38.485227,68.0
434,2018-09-08 02:17:40.530143,68.0
435,2018-09-08 02:17:41.552816,65.0
436,2018-09-08 02:17:42.576974,67.0
437,2018-09-08 02:19:08.079440,71.0
438,2018-09-08 02:19:10.126586,74.0
439,2018-09-08 02:19:11.147069,72.0
440,2018-09-08 02:19:12.171190,72.0
441,2018-09-08 02:19:14.214644,72.0
442,2018-09-08 02:19:15.238702,71.0
443,2018-09-08 02:19:16.262860,71.0
444,2018-09-08 02:19:18.306548,73.0
445,2018-09-08 02:19:19.330451,72.0
446,2018-09-08 02:19:20.354608,70.0
447,2018-09-08 02:19:22.398266,73.0
448,2018-09-08 02:19:23.422201,72.0
449,2018-09-08 02:19:24.446435,73.0
450,2018-09-08 02:19:26.490004,73.0
451,2018-09-08 02:19:27.514096,74.0
452,2018-09-08 02:19:28.538284,74.0
453,2018-09-08 02:19:30.581720,75.0
454,2018-09-08 02:19:31.605922,73.0
455,2018-09-08 02:19:32.630041,76.0
456,2018-09-08 02:19:34.673495,75.0
457,2018-09-08 02:19:36.721828,72.0
458,2018-09-08 02:19:38.765246,72.0
459,2018-09-08 02:19:39.789273,71.0
460,2018-09-08 02:19:40.809825,73.0
461,2018-09-08 02:19:42.856909,74.0
462,2018-09-08 02:19:43.881019,72.0
463,2018-09-08 02:19:44.901571,72.0
464,2018-09-08 02:19:46.948629,72.0
465,2018-09-08 02:19:47.972774,72.0
466,2018-09-08 02:19:48.993324,72.0
467,2018-09-08 02:19:51.040410,72.0
468,2018-09-08 02:19:52.064524,72.0
469,2018-09-08 02:19:53.085215,2.0
470,2018-09-08 02:19:55.132328,73.0
471,2018-09-08 02:19:56.152817,74.0
472,2018-09-08 02:19:57.176951,70.0
473,2018-09-08 02:19:59.224060,72.0
474,2018-09-08 02:20:00.244577,71.0
475,2018-09-08 02:20:01.268696,72.0
476,2018-09-08 02:20:03.315886,70.0
477,2018-09-08 02:20:04.336413,71.0
478,2018-09-08 02:20:05.360452,73.0
479,2018-09-08 02:20:07.404014,72.0
480,2018-09-08 02:20:08.427950,71.0
481,2018-09-08 02:20:09.452100,72.0
482,2018-09-08 02:20:11.495834,74.0
483,2018-09-08 02:20:12.519694,72.0
484,2018-09-08 02:20:13.543861,73.0
485,2018-09-08 02:20:15.587348,75.0
486,2018-09-08 02:20:16.611438,73.0
487,2018-09-08 02:20:17.635607,73.0
488,2018-09-08 02:20:19.679254,75.0
489,2018-09-08 02:20:20.703360,73.0
490,2018-09-08 02:20:21.726477,75.0
491,2018-09-08 02:20:23.771111,75.0
492,2018-09-08 02:20:24.795226,73.0
493,2018-09-08 02:20:25.818161,75.0
494,2018-09-08 02:20:27.862842,75.0
495,2018-09-08 02:20:28.886974,74.0
496,2018-09-08 02:20:29.911167,73.0
497,2018-09-08 02:20:31.954604,75.0
498,2018-09-08 02:20:32.978657,75.0
499,2018-09-08 02:20:33.999204,76.0
500,2018-09-08 02:20:36.046313,75.0
501,2018-09-08 02:20:37.070400,75.0
502,2018-09-08 02:20:38.090945,75.0
503,2018-09-08 02:20:40.138031,75.0
504,2018-09-08 02:20:41.162142,75.0
505,2018-09-08 02:20:42.182701,74.0
506,2018-09-08 02:20:44.229761,75.0
507,2018-09-08 02:20:45.253899,75.0
508,2018-09-08 02:20:46.273349,5.0
509,2018-09-08 02:20:48.321704,72.0
510,2018-09-08 02:20:49.342200,72.0
511,2018-09-08 02:20:50.365059,72.0
512,2018-09-08 02:20:52.413454,73.0
513,2018-09-08 02:20:53.433950,74.0
514,2018-09-08 02:20:54.456808,72.0
515,2018-09-08 02:20:56.505207,75.0
516,2018-09-08 02:20:57.525693,74.0
517,2018-09-08 02:20:58.549856,3.0
518,2018-09-08 02:21:00.593244,72.0
519,2018-09-08 02:21:01.617324,73.0
520,2018-09-08 02:21:03.664416,73.0
521,2018-09-08 02:21:04.684954,72.0
522,2018-09-08 02:21:05.709073,70.0
523,2018-09-08 02:21:07.756255,72.0
524,2018-09-08 02:21:08.776780,71.0
525,2018-09-08 02:21:09.800813,71.0
526,2018-09-08 02:21:11.847956,73.0
527,2018-09-08 02:21:12.868600,4.0
528,2018-09-08 02:21:13.892739,70.0
529,2018-09-08 02:21:15.936432,71.0
530,2018-09-08 02:21:16.960314,72.0
531,2018-09-08 02:21:17.984480,72.0
532,2018-09-08 02:21:20.027992,72.0
533,2018-09-08 02:21:21.052071,71.0
534,2018-09-08 02:21:22.076315,72.0
535,2018-09-08 02:21:24.119887,72.0
536,2018-09-08 02:21:25.143817,70.0
537,2018-09-08 02:21:26.167899,72.0
538,2018-09-08 02:21:28.211372,73.0
539,2018-09-08 02:21:29.235475,71.0
540,2018-09-08 02:21:30.259656,73.0
541,2018-09-08 02:21:32.303102,70.0
542,2018-09-08 02:21:33.327240,71.0
543,2018-09-08 02:21:34.351407,73.0
544,2018-09-08 02:21:36.394877,73.0
545,2018-09-08 02:21:37.418979,72.0
546,2018-09-08 02:21:38.443150,73.0
547,2018-09-08 02:21:40.486788,73.0
548,2018-09-08 02:21:41.510907,74.0
549,2018-09-08 02:21:42.531434,72.0
550,2018-09-08 02:21:44.578536,72.0
551,2018-09-08 02:21:45.602641,72.0
552,2018-09-08 02:21:46.623191,73.0
553,2018-09-08 02:21:48.670263,75.0
554,2018-09-08 02:21:49.694397,75.0
555,2018-09-08 02:21:51.737851,75.0
556,2018-09-08 02:21:53.782638,75.0
557,2018-09-08 02:21:54.806646,73.0
558,2018-09-08 02:21:55.830739,73.0
559,2018-09-08 02:21:57.874249,75.0
560,2018-09-08 02:21:58.898326,73.0
561,2018-09-08 02:21:59.922488,75.0
562,2018-09-08 02:22:01.966190,76.0
563,2018-09-08 02:22:02.990071,73.0
564,2018-09-08 02:22:04.014244,75.0
565,2018-09-08 02:22:06.057874,75.0
566,2018-09-08 02:22:07.081989,74.0
567,2018-09-08 02:22:08.104887,73.0
568,2018-09-08 02:22:10.149624,74.0
569,2018-09-08 02:22:11.173728,74.0
570,2018-09-08 02:22:13.217199,74.0
571,2018-09-08 02:22:15.265529,74.0
572,2018-09-08 02:22:16.288410,74.0
573,2018-09-08 02:22:17.308949,74.0
574,2018-09-08 02:22:19.357287,74.0
575,2018-09-08 02:22:20.376519,74.0
576,2018-09-08 02:22:21.400573,75.0
577,2018-09-08 02:22:23.448949,75.0
578,2018-09-08 02:22:24.468196,76.0
579,2018-09-08 02:22:25.492322,76.0
580,2018-09-08 02:22:27.540666,73.0
581,2018-09-08 02:22:28.561199,76.0
582,2018-09-08 02:22:29.584067,72.0
583,2018-09-08 02:22:31.632456,76.0
584,2018-09-08 02:22:32.651850,4.0
585,2018-09-08 02:22:33.676078,72.0
586,2018-09-08 02:22:35.720897,72.0
587,2018-09-08 02:22:36.743557,72.0
588,2018-09-08 02:22:37.767743,71.0
589,2018-09-08 02:22:39.812476,72.0
590,2018-09-08 02:22:40.835317,72.0
591,2018-09-08 02:22:41.859486,73.0
592,2018-09-08 02:22:43.904384,75.0
593,2018-09-08 02:22:44.927069,73.0
594,2018-09-08 02:22:45.951228,74.0
595,2018-09-08 02:22:47.995965,74.0
596,2018-09-08 02:22:49.018740,72.0
597,2018-09-08 02:22:50.042895,72.0
598,2018-09-08 02:22:52.087622,74.0
599,2018-09-08 02:22:53.111734,73.0
600,2018-09-08 02:22:54.134648,75.0
601,2018-09-08 02:22:56.179343,76.0
602,2018-09-08 02:22:57.203489,74.0
603,2018-09-08 02:22:58.226474,73.0
604,2018-09-08 02:23:00.271033,75.0
605,2018-09-08 02:23:01.295155,75.0
606,2018-09-08 02:23:02.314446,76.0
607,2018-09-08 02:23:04.362782,76.0
608,2018-09-08 02:23:05.386897,74.0
609,2018-09-08 02:23:06.406268,73.0
610,2018-09-08 02:23:08.454514,75.0
611,2018-09-08 02:23:09.478658,76.0
612,2018-09-08 02:23:11.522114,75.0
613,2018-09-08 02:23:12.546288,73.0
614,2018-09-08 02:23:13.570404,75.0
615,2018-09-08 02:23:15.613998,75.0
616,2018-09-08 02:23:16.638151,75.0
617,2018-09-08 02:23:17.657461,75.0
618,2018-09-08 02:23:19.705833,75.0
619,2018-09-08 02:23:20.729909,75.0
620,2018-09-08 02:23:21.749185,74.0
621,2018-09-08 02:23:23.797533,75.0
622,2018-09-08 02:23:24.821645,75.0
623,2018-09-08 02:23:25.842198,75.0
624,2018-09-08 02:23:27.889177,74.0
625,2018-09-08 02:23:28.909702,73.0
626,2018-09-08 02:23:29.933817,74.0
627,2018-09-08 02:23:31.980954,75.0
628,2018-09-08 02:23:33.001458,74.0
629,2018-09-08 02:23:34.025559,71.0
630,2018-09-08 02:23:36.072710,74.0
631,2018-09-08 02:23:37.093197,72.0
632,2018-09-08 02:23:38.117327,71.0
633,2018-09-08 02:23:40.164451,72.0
634,2018-09-08 02:23:41.185089,3.0
635,2018-09-08 02:23:42.207988,73.0
636,2018-09-08 02:23:44.252755,75.0
637,2018-09-08 02:23:45.276832,74.0
638,2018-09-08 02:23:46.299742,72.0
639,2018-09-08 02:23:48.344641,76.0
640,2018-09-08 02:23:49.368576,73.0
641,2018-09-08 02:23:50.392733,76.0
642,2018-09-08 02:23:52.436427,76.0
643,2018-09-08 02:23:53.460323,74.0
644,2018-09-08 02:23:54.484476,74.0
645,2018-09-08 02:23:56.527882,74.0
646,2018-09-08 02:23:57.551978,73.0
647,2018-09-08 02:23:58.576216,76.0
648,2018-09-08 02:24:00.619599,76.0
649,2018-09-08 02:24:01.643732,71.0
650,2018-09-08 02:24:02.667907,75.0
651,2018-09-08 02:24:04.711377,72.0
652,2018-09-08 02:24:05.735481,72.0
653,2018-09-08 02:24:06.759650,73.0
654,2018-09-08 02:24:08.803030,74.0
655,2018-09-08 02:24:09.827146,73.0
656,2018-09-08 02:24:10.847706,74.0
657,2018-09-08 02:24:12.894754,73.0
658,2018-09-08 02:24:13.918902,74.0
659,2018-09-08 02:24:14.939457,73.0
660,2018-09-08 02:24:16.986572,73.0
661,2018-09-08 02:24:18.010653,74.0
662,2018-09-08 02:24:19.031192,73.0
663,2018-09-08 02:24:21.078294,72.0
664,2018-09-08 02:24:22.102403,74.0
665,2018-09-08 02:24:23.123091,3.0
666,2018-09-08 02:24:25.170213,74.0
667,2018-09-08 02:24:26.190693,72.0
668,2018-09-08 02:24:27.214819,72.0
669,2018-09-08 02:24:29.261932,74.0
670,2018-09-08 02:24:30.282457,72.0
671,2018-09-08 02:24:31.306623,71.0
672,2018-09-08 02:24:33.353705,74.0
673,2018-09-08 02:24:34.374205,72.0
674,2018-09-08 02:24:35.398319,71.0
675,2018-09-08 02:24:37.441892,72.0
676,2018-09-08 02:24:38.465910,73.0
677,2018-09-08 02:24:39.489982,74.0
678,2018-09-08 02:24:41.533475,74.0
679,2018-09-08 02:24:42.557574,74.0
680,2018-09-08 02:24:43.581736,73.0
681,2018-09-08 02:24:45.625231,73.0
682,2018-09-08 02:24:46.649324,73.0
683,2018-09-08 02:24:48.697639,72.0
684,2018-09-08 02:24:50.741286,75.0
685,2018-09-08 02:24:52.784704,76.0
686,2018-09-08 02:24:53.808822,75.0
687,2018-09-08 02:24:55.857213,73.0
688,2018-09-08 02:24:56.876526,74.0
689,2018-09-08 02:24:57.900565,72.0
690,2018-09-08 02:24:59.948960,75.0
691,2018-09-08 02:25:00.968196,75.0
692,2018-09-08 02:25:01.992320,73.0
693,2018-09-08 02:25:04.040685,75.0
694,2018-09-08 02:25:05.060103,5.0
695,2018-09-08 02:25:06.084234,73.0
696,2018-09-08 02:25:08.127731,75.0
697,2018-09-08 02:25:09.151822,76.0
698,2018-09-08 02:25:10.176048,74.0
699,2018-09-08 02:25:12.219620,75.0
700,2018-09-08 02:25:13.243567,74.0
701,2018-09-08 02:25:14.267740,71.0
702,2018-09-08 02:25:16.312629,75.0
703,2018-09-08 02:25:17.335226,74.0
704,2018-09-08 02:25:18.359399,71.0
705,2018-09-08 02:25:20.404097,73.0
706,2018-09-08 02:25:21.426985,76.0
707,2018-09-08 02:25:22.451152,74.0
708,2018-09-08 02:25:24.495928,74.0
709,2018-09-08 02:25:25.518744,74.0
710,2018-09-08 02:25:26.542897,75.0
711,2018-09-08 02:25:28.587626,76.0
712,2018-09-08 02:25:29.610485,75.0
713,2018-09-08 02:25:30.634641,74.0
714,2018-09-08 02:25:32.678284,74.0
715,2018-09-08 02:25:33.702397,73.0
716,2018-09-08 02:25:34.722948,75.0
717,2018-09-08 02:25:35.747073,75.0
718,2018-09-08 02:25:36.769981,73.0
719,2018-09-08 02:25:38.814882,74.0
720,2018-09-08 02:25:39.838818,71.0
721,2018-09-08 02:25:40.862983,72.0
722,2018-09-08 02:25:42.906527,74.0
723,2018-09-08 02:25:43.930575,70.0
724,2018-09-08 02:25:44.954732,72.0
725,2018-09-08 02:25:46.998123,73.0
726,2018-09-08 02:25:48.022235,74.0
727,2018-09-08 02:25:49.046465,74.0
728,2018-09-08 02:25:51.089879,74.0
729,2018-09-08 02:25:52.113982,73.0
730,2018-09-08 02:25:53.138150,76.0
731,2018-09-08 02:25:55.181616,76.0
732,2018-09-08 02:25:56.205720,74.0
733,2018-09-08 02:25:57.229903,74.0
734,2018-09-08 02:25:59.273265,75.0
735,2018-09-08 02:26:00.297410,76.0
736,2018-09-08 02:26:01.317956,75.0
737,2018-09-08 02:26:03.365033,74.0
738,2018-09-08 02:26:04.389158,75.0
739,2018-09-08 02:26:05.409701,75.0
740,2018-09-08 02:26:07.456784,75.0
741,2018-09-08 02:26:08.480893,76.0
742,2018-09-08 02:26:09.501442,74.0
743,2018-09-08 02:26:11.548499,73.0
744,2018-09-08 02:26:12.572648,75.0
745,2018-09-08 02:26:13.593359,5.0
746,2018-09-08 02:26:15.640440,76.0
747,2018-09-08 02:26:16.660947,75.0
748,2018-09-08 02:26:17.685061,75.0
749,2018-09-08 02:26:19.732205,78.0
750,2018-09-08 02:26:20.752701,75.0
751,2018-09-08 02:26:21.776817,75.0
752,2018-09-08 02:26:23.823954,75.0
753,2018-09-08 02:26:24.844439,75.0
754,2018-09-08 02:26:25.868575,75.0
755,2018-09-08 02:26:27.911989,75.0
756,2018-09-08 02:26:28.936129,73.0
757,2018-09-08 02:26:29.960239,72.0
758,2018-09-08 02:26:32.003890,75.0
759,2018-09-08 02:26:33.027824,74.0
760,2018-09-08 02:26:34.051976,75.0
761,2018-09-08 02:26:36.095633,75.0
762,2018-09-08 02:26:37.119747,75.0
763,2018-09-08 02:26:38.143726,74.0
764,2018-09-08 02:26:40.187408,74.0
765,2018-09-08 02:26:41.211228,72.0
766,2018-09-08 02:26:42.235391,72.0
767,2018-09-08 02:26:44.278851,74.0
768,2018-09-08 02:26:45.302985,72.0
769,2018-09-08 02:26:46.327164,73.0
770,2018-09-08 02:26:48.370625,75.0
771,2018-09-08 02:26:49.394726,73.0
772,2018-09-08 02:26:50.418908,75.0
773,2018-09-08 02:26:52.462383,73.0
774,2018-09-08 02:26:53.486548,73.0
775,2018-09-08 02:26:54.510652,75.0
776,2018-09-08 02:26:56.554254,72.0
777,2018-09-08 02:26:57.578403,70.0
778,2018-09-08 02:26:58.598960,72.0
779,2018-09-08 02:27:00.646065,75.0
780,2018-09-08 02:27:01.670159,75.0
781,2018-09-08 02:27:02.690704,75.0
782,2018-09-08 02:27:04.737790,75.0
783,2018-09-08 02:27:05.761903,75.0
784,2018-09-08 02:27:06.782441,76.0
785,2018-09-08 02:27:08.829533,76.0
786,2018-09-08 02:27:09.849945,75.0
787,2018-09-08 02:27:10.874069,77.0
788,2018-09-08 02:27:12.921179,74.0
789,2018-09-08 02:27:13.941702,74.0
790,2018-09-08 02:27:14.965882,73.0
791,2018-09-08 02:27:17.012947,74.0
792,2018-09-08 02:27:18.033449,73.0
793,2018-09-08 02:27:19.057567,74.0
794,2018-09-08 02:27:21.104711,75.0
795,2018-09-08 02:27:22.125189,75.0
796,2018-09-08 02:27:24.173455,72.0
797,2018-09-08 02:27:25.192704,70.0
798,2018-09-08 02:27:26.216819,70.0
799,2018-09-08 02:27:28.265207,71.0
800,2018-09-08 02:27:29.284441,71.0
801,2018-09-08 02:27:30.308579,72.0
802,2018-09-08 02:27:32.356934,71.0
803,2018-09-08 02:27:33.376294,72.0
804,2018-09-08 02:27:34.400333,71.0
805,2018-09-08 02:27:36.448715,71.0
806,2018-09-08 02:27:37.468110,2.0
807,2018-09-08 02:27:38.492232,70.0
808,2018-09-08 02:27:40.535975,72.0
809,2018-09-08 02:27:41.559821,71.0
810,2018-09-08 02:27:42.583981,71.0
811,2018-09-08 02:27:44.628760,71.0
812,2018-09-08 02:27:45.651569,70.0
813,2018-09-08 02:27:46.675733,69.0
814,2018-09-08 02:27:48.720500,73.0
815,2018-09-08 02:27:49.743317,70.0
816,2018-09-08 02:27:50.767488,69.0
817,2018-09-08 02:27:52.812125,73.0
818,2018-09-08 02:27:53.834976,73.0
819,2018-09-08 02:27:54.859155,71.0
820,2018-09-08 02:27:56.903876,73.0
821,2018-09-08 02:27:57.926732,73.0
822,2018-09-08 02:27:58.950913,73.0
823,2018-09-08 02:28:00.995599,72.0
824,2018-09-08 02:28:02.018488,71.0
825,2018-09-08 02:28:03.042655,70.0
826,2018-09-08 02:28:05.087287,70.0
827,2018-09-08 02:28:06.110165,70.0
828,2018-09-08 02:28:07.130700,70.0
829,2018-09-08 02:28:09.179039,70.0
830,2018-09-08 02:28:10.201903,70.0
831,2018-09-08 02:28:11.222437,70.0
832,2018-09-08 02:28:13.270785,70.0
833,2018-09-08 02:28:14.294892,70.0
834,2018-09-08 02:28:15.314194,70.0
835,2018-09-08 02:28:17.362513,70.0
836,2018-09-08 02:28:19.406171,70.0
837,2018-09-08 02:28:20.430227,69.0
838,2018-09-08 02:28:22.473898,71.0
839,2018-09-08 02:28:23.497823,73.0
840,2018-09-08 02:28:24.521979,71.0
841,2018-09-08 02:28:26.565482,70.0
842,2018-09-08 02:28:27.589572,70.0
843,2018-09-08 02:28:28.613732,69.0
844,2018-09-08 02:28:30.657386,71.0
845,2018-09-08 02:28:31.681324,70.0
846,2018-09-08 02:28:32.705483,68.0
847,2018-09-08 02:28:34.748880,70.0
848,2018-09-08 02:28:35.772978,68.0
849,2018-09-08 02:28:36.797149,70.0
850,2018-09-08 02:28:38.840625,70.0
851,2018-09-08 02:28:39.864724,68.0
852,2018-09-08 02:28:40.888914,70.0
853,2018-09-08 02:28:42.932344,70.0
854,2018-09-08 02:28:44.980649,70.0
855,2018-09-08 02:28:46.001196,70.0
856,2018-09-08 02:28:48.048214,70.0
857,2018-09-08 02:28:49.068706,70.0
858,2018-09-08 02:28:50.092817,69.0
859,2018-09-08 02:28:52.139928,70.0
860,2018-09-08 02:28:53.160450,70.0
861,2018-09-08 02:28:54.184567,68.0
862,2018-09-08 02:28:56.231671,70.0
863,2018-09-08 02:28:57.252199,70.0
864,2018-09-08 02:28:58.276368,68.0
865,2018-09-08 02:29:00.323461,70.0
866,2018-09-08 02:29:01.344092,0.0
867,2018-09-08 02:29:02.368240,67.0
868,2018-09-08 02:29:04.411893,70.0
869,2018-09-08 02:29:05.435886,68.0
870,2018-09-08 02:29:06.459986,67.0
871,2018-09-08 02:29:08.503481,70.0
872,2018-09-08 02:29:44.183205,71.0
873,2018-09-08 02:29:45.207338,71.0
874,2018-09-08 02:29:46.230229,71.0
875,2018-09-08 02:29:48.275135,71.0
876,2018-09-08 02:29:49.299078,69.0
877,2018-09-08 02:29:50.321980,71.0
878,2018-09-08 02:29:52.366878,71.0
879,2018-09-08 02:29:53.389733,69.0
880,2018-09-08 02:29:54.413901,70.0
881,2018-09-08 02:29:56.458593,69.0
882,2018-09-08 02:29:57.482734,71.0
883,2018-09-08 02:29:58.505649,71.0
884,2018-09-08 02:30:00.550386,71.0
885,2018-09-08 02:30:01.574478,68.0
886,2018-09-08 02:30:02.597407,70.0
887,2018-09-08 02:30:04.642124,71.0
888,2018-09-08 02:30:05.666294,71.0
889,2018-09-08 02:30:06.689154,70.0
890,2018-09-08 02:30:08.733996,71.0
891,2018-09-08 02:30:09.756911,71.0
892,2018-09-08 02:30:11.801629,71.0
893,2018-09-08 02:30:12.825731,69.0
894,2018-09-08 02:30:13.848658,71.0
895,2018-09-08 02:30:15.893337,71.0
896,2018-09-08 02:30:16.917492,71.0
897,2018-09-08 02:30:17.940404,71.0
898,2018-09-08 02:30:19.985122,71.0
899,2018-09-08 02:30:21.009161,71.0
900,2018-09-08 02:30:22.028449,71.0
901,2018-09-08 02:30:24.076793,71.0
902,2018-09-08 02:30:25.100902,71.0
903,2018-09-08 02:30:26.120207,71.0
904,2018-09-08 02:30:28.168512,70.0
905,2018-09-08 02:30:29.192653,70.0
906,2018-09-08 02:30:30.213207,69.0
907,2018-09-08 02:30:32.260286,70.0
908,2018-09-08 02:30:33.284397,70.0
909,2018-09-08 02:30:35.327761,70.0
910,2018-09-08 02:30:37.372635,71.0
911,2018-09-08 02:30:38.396652,69.0
912,2018-09-08 02:30:39.419483,71.0
913,2018-09-08 02:30:41.464256,71.0
914,2018-09-08 02:30:42.488329,70.0
915,2018-09-08 02:30:43.511241,70.0
916,2018-09-08 02:30:45.556175,71.0
917,2018-09-08 02:30:46.580079,70.0
918,2018-09-08 02:30:47.602976,71.0
919,2018-09-08 02:30:49.647880,70.0
920,2018-09-08 02:30:50.670731,70.0
921,2018-09-08 02:30:51.694899,70.0
922,2018-09-08 02:30:53.739606,72.0
923,2018-09-08 02:30:54.763731,69.0
924,2018-09-08 02:30:55.786658,73.0
925,2018-09-08 02:30:57.831349,73.0
926,2018-09-08 02:30:58.855480,71.0
927,2018-09-08 02:30:59.878406,73.0
928,2018-09-08 02:31:01.923107,73.0
929,2018-09-08 02:31:02.947244,72.0
930,2018-09-08 02:31:03.966540,71.0
931,2018-09-08 02:31:06.014780,70.0
932,2018-09-08 02:31:07.038899,71.0
933,2018-09-08 02:31:09.082379,71.0
934,2018-09-08 02:31:11.130710,70.0
935,2018-09-08 02:31:13.174095,69.0
936,2018-09-08 02:31:14.198246,71.0
937,2018-09-08 02:31:16.241734,71.0
938,2018-09-08 02:31:17.265734,70.0
939,2018-09-08 02:31:18.289912,68.0
940,2018-09-08 02:31:20.333362,72.0
941,2018-09-08 02:31:21.357485,70.0
942,2018-09-08 02:31:22.381651,70.0
943,2018-09-08 02:31:24.425126,71.0
944,2018-09-08 02:31:25.449249,74.0
945,2018-09-08 02:31:26.473391,71.0
946,2018-09-08 02:31:28.518130,71.0
947,2018-09-08 02:31:29.540975,72.0
948,2018-09-08 02:31:30.565154,69.0
949,2018-09-08 02:31:32.609755,71.0
950,2018-09-08 02:31:33.632657,71.0
951,2018-09-08 02:31:34.653208,71.0
952,2018-09-08 02:31:36.701531,70.0
953,2018-09-08 02:31:37.724401,70.0
954,2018-09-08 02:31:38.744945,69.0
955,2018-09-08 02:31:40.793284,72.0
956,2018-09-08 02:31:41.816249,71.0
957,2018-09-08 02:31:42.836782,72.0
958,2018-09-08 02:31:44.885033,70.0
959,2018-09-08 02:31:45.907910,70.0
960,2018-09-08 02:31:46.928617,9.0
961,2018-09-08 02:31:48.975671,71.0
962,2018-09-08 02:31:49.996293,71.0
963,2018-09-08 02:31:51.020325,70.0
964,2018-09-08 02:31:53.068713,69.0
965,2018-09-08 02:31:54.087964,71.0
966,2018-09-08 02:31:55.112065,69.0
967,2018-09-08 02:31:57.160458,72.0
968,2018-09-08 02:31:58.179694,70.0
969,2018-09-08 02:31:59.203818,68.0
970,2018-09-08 02:32:01.248656,71.0
971,2018-09-08 02:32:02.271317,69.0
972,2018-09-08 02:32:03.295479,70.0
973,2018-09-08 02:32:05.340376,71.0
974,2018-09-08 02:32:06.363069,69.0
975,2018-09-08 02:32:07.387239,70.0
976,2018-09-08 02:32:09.432139,71.0
977,2018-09-08 02:32:10.454821,69.0
978,2018-09-08 02:32:11.478984,70.0
979,2018-09-08 02:32:13.523889,71.0
980,2018-09-08 02:32:14.546647,69.0
981,2018-09-08 02:32:15.570654,70.0
982,2018-09-08 02:32:17.615338,71.0
983,2018-09-08 02:32:18.638245,70.0
984,2018-09-08 02:32:19.662407,67.0
985,2018-09-08 02:32:21.707130,71.0
986,2018-09-08 02:32:22.729983,70.0
987,2018-09-08 02:32:23.754152,69.0
988,2018-09-08 02:32:25.798883,71.0
989,2018-09-08 02:32:26.821731,69.0
990,2018-09-08 02:32:27.846002,69.0
991,2018-09-08 02:32:29.890538,70.0
992,2018-09-08 02:32:30.914651,66.0
993,2018-09-08 02:32:32.958130,71.0
994,2018-09-08 02:32:33.982232,70.0
995,2018-09-08 02:32:35.006504,69.0
996,2018-09-08 02:32:37.049846,71.0
997,2018-09-08 02:32:38.073980,68.0
998,2018-09-08 02:32:39.098161,69.0
999,2018-09-08 02:32:41.141627,71.0
1000,2018-09-08 02:32:42.165733,71.0
1001,2018-09-08 02:32:43.189904,72.0
1002,2018-09-08 02:32:45.233535,72.0
1003,2018-09-08 02:32:46.257657,71.0
1004,2018-09-08 02:32:47.276955,73.0
1005,2018-09-08 02:32:49.325253,73.0
1006,2018-09-08 02:32:50.349412,73.0
1007,2018-09-08 02:32:51.368701,73.0
1008,2018-09-08 02:32:53.417003,73.0
1009,2018-09-08 02:32:54.441158,73.0
1010,2018-09-08 02:32:55.460458,72.0
1011,2018-09-08 02:32:57.508789,72.0
1012,2018-09-08 02:32:58.532905,71.0
1013,2018-09-08 02:32:59.552354,2.0
1014,2018-09-08 02:33:01.600688,72.0
1015,2018-09-08 02:33:02.621197,70.0
1016,2018-09-08 02:33:03.644066,68.0
1017,2018-09-08 02:33:05.692425,70.0
1018,2018-09-08 02:33:06.712953,70.0
1019,2018-09-08 02:33:07.735934,9.0
1020,2018-09-08 02:33:09.784209,70.0
1021,2018-09-08 02:33:10.804705,69.0
1022,2018-09-08 02:33:11.827602,0.0
1023,2018-09-08 02:33:13.872394,70.0
1024,2018-09-08 02:33:14.896371,68.0
1025,2018-09-08 02:33:15.919234,69.0
1026,2018-09-08 02:33:17.964132,71.0
1027,2018-09-08 02:33:18.988073,69.0
1028,2018-09-08 02:33:20.010989,70.0
1029,2018-09-08 02:33:22.055722,71.0
1030,2018-09-08 02:33:23.079835,69.0
1031,2018-09-08 02:33:24.103988,71.0
1032,2018-09-08 02:33:26.147647,71.0
1033,2018-09-08 02:33:27.171575,70.0
1034,2018-09-08 02:33:28.195644,69.0
1035,2018-09-08 02:33:30.239128,70.0
1036,2018-09-08 02:33:31.263239,68.0
1037,2018-09-08 02:33:32.287299,70.0
1038,2018-09-08 02:33:34.330728,71.0
1039,2018-09-08 02:33:35.354855,69.0
1040,2018-09-08 02:33:36.379032,71.0
1041,2018-09-08 02:33:38.422465,71.0
1042,2018-09-08 02:33:39.446664,71.0
1043,2018-09-08 02:33:40.470782,71.0
1044,2018-09-08 02:33:42.514160,69.0
1045,2018-09-08 02:33:43.538287,70.0
1046,2018-09-08 02:33:44.558832,69.0
1047,2018-09-08 02:33:46.605947,71.0
1048,2018-09-08 02:33:47.630046,71.0
1049,2018-09-08 02:33:48.650581,71.0
1050,2018-09-08 02:33:50.697638,70.0
1051,2018-09-08 02:33:51.721783,69.0
1052,2018-09-08 02:33:52.742329,71.0
1053,2018-09-08 02:33:54.789413,71.0
1054,2018-09-08 02:33:55.813528,70.0
1055,2018-09-08 02:33:56.834221,8.0
1056,2018-09-08 02:33:58.881311,69.0
1057,2018-09-08 02:33:59.901830,70.0
1058,2018-09-08 02:34:00.926008,66.0
1059,2018-09-08 02:34:02.973081,70.0
1060,2018-09-08 02:34:03.993572,68.0
1061,2018-09-08 02:34:05.017712,70.0
1062,2018-09-08 02:34:07.064806,69.0
1063,2018-09-08 02:34:08.085329,70.0
1064,2018-09-08 02:34:09.109452,66.0
1065,2018-09-08 02:34:11.156593,71.0
1066,2018-09-08 02:34:12.177239,0.0
1067,2018-09-08 02:34:13.201361,67.0
1068,2018-09-08 02:34:15.245013,68.0
1069,2018-09-08 02:34:16.268942,69.0
1070,2018-09-08 02:34:17.293118,68.0
1071,2018-09-08 02:34:18.316090,68.0
1072,2018-09-08 02:34:19.336675,68.0
1073,2018-09-08 02:34:21.384915,68.0
1074,2018-09-08 02:34:22.407835,68.0
1075,2018-09-08 02:34:23.428331,68.0
1076,2018-09-08 02:34:25.476663,68.0
1077,2018-09-08 02:34:26.499528,68.0
1078,2018-09-08 02:34:27.520236,8.0
1079,2018-09-08 02:34:29.567307,69.0
1080,2018-09-08 02:34:30.587841,70.0
1081,2018-09-08 02:34:31.611944,69.0
1082,2018-09-08 02:34:33.660335,68.0
1083,2018-09-08 02:34:34.679577,69.0
1084,2018-09-08 02:34:35.703693,70.0
1085,2018-09-08 02:34:37.752089,70.0
1086,2018-09-08 02:34:38.771322,69.0
1087,2018-09-08 02:34:39.795443,70.0
1088,2018-09-08 02:34:41.843805,70.0
1089,2018-09-08 02:34:42.863236,0.0
1090,2018-09-08 02:34:43.887364,68.0
1091,2018-09-08 02:34:45.931001,70.0
1092,2018-09-08 02:34:46.954946,68.0
1093,2018-09-08 02:34:47.979116,67.0
1094,2018-09-08 02:34:50.022775,70.0
1095,2018-09-08 02:34:51.046716,67.0
1096,2018-09-08 02:34:52.070863,68.0
1097,2018-09-08 02:34:54.114522,70.0
1098,2018-09-08 02:34:55.138524,68.0
1099,2018-09-08 02:34:56.163530,70.0
1100,2018-09-08 02:34:58.206738,71.0
1101,2018-09-08 02:34:59.230384,71.0
1102,2018-09-08 02:35:00.254424,71.0
1103,2018-09-08 02:35:02.297889,71.0
1104,2018-09-08 02:35:03.321971,68.0
1105,2018-09-08 02:35:04.346186,69.0
1106,2018-09-08 02:35:06.390911,71.0
1107,2018-09-08 02:35:07.413744,71.0
1108,2018-09-08 02:35:08.437898,71.0
1109,2018-09-08 02:35:10.482631,71.0
1110,2018-09-08 02:35:11.505394,71.0
1111,2018-09-08 02:35:12.526032,71.0
1112,2018-09-08 02:35:14.574250,69.0
1113,2018-09-08 02:35:15.597126,70.0
1114,2018-09-08 02:35:16.617708,68.0
1115,2018-09-08 02:35:18.666060,68.0
1116,2018-09-08 02:35:19.688897,68.0
1117,2018-09-08 02:35:20.709454,69.0
1118,2018-09-08 02:35:22.757785,68.0
1119,2018-09-08 02:35:23.780647,68.0
1120,2018-09-08 02:35:24.801186,69.0
1121,2018-09-08 02:35:26.849426,70.0
1122,2018-09-08 02:35:27.868648,69.0
1123,2018-09-08 02:35:28.892901,71.0
1124,2018-09-08 02:35:30.941169,69.0
1125,2018-09-08 02:35:31.960462,71.0
1126,2018-09-08 02:35:32.984582,70.0
1127,2018-09-08 02:35:35.032938,71.0
1128,2018-09-08 02:35:36.052194,70.0
1129,2018-09-08 02:35:37.076479,68.0
1130,2018-09-08 02:35:39.124692,70.0
1131,2018-09-08 02:35:40.145171,68.0
1132,2018-09-08 02:35:41.167983,69.0
1133,2018-09-08 02:35:43.212789,70.0
1134,2018-09-08 02:35:44.237019,67.0
1135,2018-09-08 02:35:46.283907,70.0
1136,2018-09-08 02:35:47.304460,68.0
1137,2018-09-08 02:35:48.328582,68.0
1138,2018-09-08 02:35:50.375693,68.0
1139,2018-09-08 02:35:51.396297,68.0
1140,2018-09-08 02:35:52.420311,67.0
1141,2018-09-08 02:35:54.467449,70.0
1142,2018-09-08 02:35:55.488102,9.0
1143,2018-09-08 02:35:56.510974,69.0
1144,2018-09-08 02:35:58.555959,69.0
1145,2018-09-08 02:35:59.579845,69.0
1146,2018-09-08 02:36:00.602738,70.0
1147,2018-09-08 02:36:02.647582,71.0
1148,2018-09-08 02:36:03.671577,69.0
1149,2018-09-08 02:36:04.695835,68.0
1150,2018-09-08 02:36:06.739425,70.0
1151,2018-09-08 02:36:07.763329,67.0
1152,2018-09-08 02:36:08.787497,71.0
1153,2018-09-08 02:36:10.831121,69.0
1154,2018-09-08 02:36:11.855207,68.0
1155,2018-09-08 02:36:12.878125,69.0
1156,2018-09-08 02:36:14.922862,70.0
1157,2018-09-08 02:36:15.946984,67.0
1158,2018-09-08 02:36:16.969883,72.0
1159,2018-09-08 02:36:19.014622,71.0
1160,2018-09-08 02:36:20.038765,68.0
1161,2018-09-08 02:36:21.061642,69.0
1162,2018-09-08 02:36:23.106440,71.0
1163,2018-09-08 02:36:24.130488,70.0
1164,2018-09-08 02:36:25.149701,69.0
1165,2018-09-08 02:36:27.198029,71.0
1166,2018-09-08 02:36:28.222126,71.0
1167,2018-09-08 02:36:29.241463,71.0
1168,2018-09-08 02:36:31.289632,70.0
1169,2018-09-08 02:36:32.313778,69.0
1170,2018-09-08 02:36:33.333066,71.0
1171,2018-09-08 02:36:35.381412,71.0
1172,2018-09-08 02:36:36.405530,70.0
1173,2018-09-08 02:36:37.426163,69.0
1174,2018-09-08 02:36:39.473080,71.0
1175,2018-09-08 02:36:40.493554,71.0
1176,2018-09-08 02:36:41.517692,69.0
1177,2018-09-08 02:36:43.564828,71.0
1178,2018-09-08 02:36:44.585307,71.0
1179,2018-09-08 02:36:45.609444,69.0
1180,2018-09-08 02:36:47.656578,68.0
1181,2018-09-08 02:36:48.677072,69.0
1182,2018-09-08 02:36:49.701191,69.0
1183,2018-09-08 02:36:51.748340,69.0
1184,2018-09-08 02:36:52.768828,71.0
1185,2018-09-08 02:36:53.792851,70.0
1186,2018-09-08 02:36:55.836565,70.0
1187,2018-09-08 02:36:56.860465,9.0
1188,2018-09-08 02:36:57.884606,70.0
1189,2018-09-08 02:36:59.928286,71.0
1190,2018-09-08 02:37:00.952190,69.0
1191,2018-09-08 02:37:01.976462,69.0
1192,2018-09-08 02:37:04.020011,70.0
1193,2018-09-08 02:37:05.043941,67.0
1194,2018-09-08 02:37:06.068105,71.0
1195,2018-09-08 02:37:08.111739,68.0
1196,2018-09-08 02:37:09.135924,67.0
1197,2018-09-08 02:37:10.160029,71.0
1198,2018-09-08 02:37:12.203502,68.0
1199,2018-09-08 02:37:13.227606,67.0
1200,2018-09-08 02:37:14.251780,71.0
1201,2018-09-08 02:37:16.295235,68.0
1202,2018-09-08 02:37:17.319370,65.0
1203,2018-09-08 02:37:18.343526,70.0
1204,2018-09-08 02:37:20.387005,68.0
1205,2018-09-08 02:37:21.411111,68.0
1206,2018-09-08 02:37:22.435270,68.0
1207,2018-09-08 02:37:24.478912,68.0
1208,2018-09-08 02:37:25.503024,68.0
1209,2018-09-08 02:37:26.522324,68.0
1210,2018-09-08 02:37:28.570655,68.0
1211,2018-09-08 02:37:29.594772,69.0
1212,2018-09-08 02:37:30.614072,70.0
1213,2018-09-08 02:37:32.662384,68.0
1214,2018-09-08 02:37:34.707271,70.0
1215,2018-09-08 02:37:35.729949,66.0
1216,2018-09-08 02:37:37.778335,70.0
1217,2018-09-08 02:37:38.797737,8.0
1218,2018-09-08 02:37:39.821855,68.0
1219,2018-09-08 02:37:41.866661,68.0
1220,2018-09-08 02:37:42.889453,69.0
1221,2018-09-08 02:37:43.913609,68.0
1222,2018-09-08 02:37:45.958518,68.0
1223,2018-09-08 02:37:46.981200,66.0
1224,2018-09-08 02:37:48.005355,67.0
1225,2018-09-08 02:37:50.050265,69.0
1226,2018-09-08 02:37:51.072948,70.0
1227,2018-09-08 02:37:52.097113,65.0
1228,2018-09-08 02:37:54.141752,66.0
1229,2018-09-08 02:37:55.164599,67.0
1230,2018-09-08 02:37:56.188779,68.0
1231,2018-09-08 02:37:58.233470,69.0
1232,2018-09-08 02:37:59.257614,67.0
1233,2018-09-08 02:38:00.280533,70.0
1234,2018-09-08 02:38:02.325257,67.0
1235,2018-09-08 02:38:03.349370,68.0
1236,2018-09-08 02:38:04.372277,67.0
1237,2018-09-08 02:38:06.417006,69.0
1238,2018-09-08 02:38:07.441020,69.0
1239,2018-09-08 02:38:08.460319,70.0
1240,2018-09-08 02:38:10.508640,68.0
1241,2018-09-08 02:38:11.532781,68.0
1242,2018-09-08 02:38:12.552076,67.0
1243,2018-09-08 02:38:14.600391,69.0
1244,2018-09-08 02:38:15.624527,69.0
1245,2018-09-08 02:38:16.643825,69.0
1246,2018-09-08 02:38:18.692164,67.0
1247,2018-09-08 02:38:19.716329,69.0
1248,2018-09-08 02:38:21.759759,69.0
1249,2018-09-08 02:38:22.783780,71.0
1250,2018-09-08 02:38:23.804324,69.0
1251,2018-09-08 02:38:25.851409,68.0
1252,2018-09-08 02:38:26.875516,68.0
1253,2018-09-08 02:38:27.896173,68.0
1254,2018-09-08 02:38:29.943134,68.0
1255,2018-09-08 02:38:30.967291,68.0
1256,2018-09-08 02:38:31.987834,70.0
1257,2018-09-08 02:38:34.034914,70.0
1258,2018-09-08 02:38:35.059028,70.0
1259,2018-09-08 02:38:36.079582,71.0
1260,2018-09-08 02:38:38.126612,71.0
1261,2018-09-08 02:38:39.147079,73.0
1262,2018-09-08 02:38:40.171189,72.0
1263,2018-09-08 02:38:42.218339,73.0
1264,2018-09-08 02:38:43.238827,73.0
1265,2018-09-08 02:38:44.262942,72.0
1266,2018-09-08 02:38:46.310056,73.0
1267,2018-09-08 02:38:47.330583,73.0
1268,2018-09-08 02:38:48.354706,72.0
1269,2018-09-08 02:38:50.401839,72.0
1270,2018-09-08 02:38:51.422473,2.0
1271,2018-09-08 02:38:53.470245,72.0
1272,2018-09-08 02:38:55.514935,72.0
1273,2018-09-08 02:38:56.539078,72.0
1274,2018-09-08 02:38:57.563238,72.0
1275,2018-09-08 02:38:59.606760,72.0
1276,2018-09-08 02:39:00.630868,72.0
1277,2018-09-08 02:39:01.655002,72.0
1278,2018-09-08 02:39:03.698476,74.0
1279,2018-09-08 02:39:04.722578,72.0
1280,2018-09-08 02:39:05.746839,72.0
1281,2018-09-08 02:39:07.790388,72.0
1282,2018-09-08 02:39:08.814487,71.0
1283,2018-09-08 02:39:09.833792,74.0
1284,2018-09-08 02:39:11.882104,72.0
1285,2018-09-08 02:39:12.906313,72.0
1286,2018-09-08 02:39:13.925550,72.0
1287,2018-09-08 02:39:15.973871,72.0
1288,2018-09-08 02:39:16.997987,73.0
1289,2018-09-08 02:39:18.017390,75.0
1290,2018-09-08 02:39:20.065614,72.0
1291,2018-09-08 02:39:21.089738,72.0
1292,2018-09-08 02:39:22.109202,2.0
1293,2018-09-08 02:39:24.157533,73.0
1294,2018-09-08 02:39:25.178035,74.0
1295,2018-09-08 02:39:26.200913,70.0
1296,2018-09-08 02:39:28.249262,72.0
1297,2018-09-08 02:39:29.269803,72.0
1298,2018-09-08 02:39:30.292670,71.0
1299,2018-09-08 02:39:32.341028,74.0
1300,2018-09-08 02:39:33.361553,72.0
1301,2018-09-08 02:39:34.384428,71.0
1302,2018-09-08 02:39:36.432774,73.0
1303,2018-09-08 02:39:37.452189,4.0
1304,2018-09-08 02:39:38.476433,71.0
1305,2018-09-08 02:39:40.521078,73.0
1306,2018-09-08 02:39:41.543934,74.0
1307,2018-09-08 02:39:42.568085,72.0
1308,2018-09-08 02:39:44.612957,74.0
